,GameId,Date,TeamId,OppId,TeamScore,OppScore,TeamPoss,OppPoss,Team,Opp,Home
0,0022300061,2023-10-24,1610612743,1610612747,119,107,95,94,DEN,LAL,True
1,0022300062,2023-10-24,1610612744,1610612756,104,108,101,99,GSW,PHX,True
0,0022300061,2023-10-24,1610612747,1610612743,107,119,94,95,LAL,DEN,False
1,0022300062,2023-10-24,1610612756,1610612744,108,104,99,101,PHX,GSW,False
11,0022300072,2023-10-25,1610612758,1610612762,130,114,105,104,SAC,UTA,False
12,0022300073,2023-10-25,1610612742,1610612759,126,119,106,107,DAL,SAS,False
13,0022300074,2023-10-25,1610612757,1610612746,111,123,98,99,POR,LAC,False
8,0022300069,2023-10-25,1610612750,1610612761,94,97,100,99,MIN,TOR,False
7,0022300068,2023-10-25,1610612765,1610612748,102,103,94,95,DET,MIA,False
6,0022300067,2023-10-25,1610612739,1610612751,114,113,99,98,CLE,BKN,False
5,0022300066,2023-10-25,1610612745,1610612753,86,116,95,94,HOU,ORL,False
4,0022300065,2023-10-25,1610612738,1610612752,108,104,95,96,BOS,NYK,False
3,0022300064,2023-10-25,1610612764,1610612754,120,143,110,109,WAS,IND,False
2,0022300063,2023-10-25,1610612737,1610612766,110,116,104,103,ATL,CHA,False
10,0022300071,2023-10-25,1610612740,1610612763,111,104,103,102,NOP,MEM,False
9,0022300070,2023-10-25,1610612760,1610612741,124,104,99,99,OKC,CHI,False
13,0022300074,2023-10-25,1610612746,1610612757,123,111,99,98,LAC,POR,True
12,0022300073,2023-10-25,1610612759,1610612742,119,126,107,106,SAS,DAL,True
11,0022300072,2023-10-25,1610612762,1610612758,114,130,104,105,UTA,SAC,True
10,0022300071,2023-10-25,1610612763,1610612740,104,111,102,103,MEM,NOP,True
9,0022300070,2023-10-25,1610612741,1610612760,104,124,99,99,CHI,OKC,True
8,0022300069,2023-10-25,1610612761,1610612750,97,94,99,100,TOR,MIN,True
7,0022300068,2023-10-25,1610612748,1610612765,103,102,95,94,MIA,DET,True
6,0022300067,2023-10-25,1610612751,1610612739,113,114,98,99,BKN,CLE,True
5,0022300066,2023-10-25,1610612753,1610612745,116,86,94,95,ORL,HOU,True
4,0022300065,2023-10-25,1610612752,1610612738,104,108,96,95,NYK,BOS,True
3,0022300064,2023-10-25,1610612754,1610612764,143,120,109,110,IND,WAS,True
2,0022300063,2023-10-25,1610612766,1610612737,116,110,103,104,CHA,ATL,True
15,0022300076,2023-10-26,1610612756,1610612747,95,100,103,103,PHX,LAL,False
14,0022300075,2023-10-26,1610612755,1610612749,117,118,103,104,PHI,MIL,False
14,0022300075,2023-10-26,1610612749,1610612755,118,117,104,103,MIL,PHI,True
15,0022300076,2023-10-26,1610612747,1610612756,100,95,103,103,LAL,PHX,True
26,0022300087,2023-10-27,1610612744,1610612758,122,114,104,103,GSW,SAC,False
17,0022300078,2023-10-27,1610612743,1610612763,108,104,101,102,DEN,MEM,False
18,0022300079,2023-10-27,1610612752,1610612737,126,120,105,103,NYK,ATL,False
19,0022300080,2023-10-27,1610612748,1610612738,111,119,99,99,MIA,BOS,False
25,0022300086,2023-10-27,1610612753,1610612757,102,97,95,95,ORL,POR,False
24,0022300085,2023-10-27,1610612746,1610612762,118,120,99,99,LAC,UTA,False
23,0022300084,2023-10-27,1610612751,1610612742,120,125,100,100,BKN,DAL,False
22,0022300083,2023-10-27,1610612745,1610612759,122,126,110,108,HOU,SAS,False
16,0022300077,2023-10-27,1610612765,1610612766,111,99,106,105,DET,CHA,False
21,0022300082,2023-10-27,1610612761,1610612741,103,104,106,107,TOR,CHI,False
20,0022300081,2023-10-27,1610612760,1610612739,108,105,103,105,OKC,CLE,False
25,0022300086,2023-10-27,1610612757,1610612753,97,102,95,95,POR,ORL,True
18,0022300079,2023-10-27,1610612737,1610612752,120,126,103,105,ATL,NYK,True
19,0022300080,2023-10-27,1610612738,1610612748,119,111,99,99,BOS,MIA,True
20,0022300081,2023-10-27,1610612739,1610612760,105,108,105,103,CLE,OKC,True
17,0022300078,2023-10-27,1610612763,1610612743,104,108,102,101,MEM,DEN,True
24,0022300085,2023-10-27,1610612762,1610612746,120,118,99,99,UTA,LAC,True
23,0022300084,2023-10-27,1610612742,1610612751,125,120,100,100,DAL,BKN,True
26,0022300087,2023-10-27,1610612758,1610612744,114,122,103,104,SAC,GSW,True
21,0022300082,2023-10-27,1610612741,1610612761,104,103,107,106,CHI,TOR,True
22,0022300083,2023-10-27,1610612759,1610612745,126,122,108,110,SAS,HOU,True
16,0022300077,2023-10-27,1610612766,1610612765,99,111,105,106,CHA,DET,True
27,0022300088,2023-10-28,1610612741,1610612765,102,118,92,92,CHI,DET,False
33,0022300094,2023-10-28,1610612762,1610612756,104,126,99,100,UTA,PHX,False
28,0022300089,2023-10-28,1610612763,1610612764,106,113,102,103,MEM,WAS,False
27,0022300088,2023-10-28,1610612765,1610612741,118,102,92,92,DET,CHI,True
28,0022300089,2023-10-28,1610612764,1610612763,113,106,103,102,WAS,MEM,True
29,0022300090,2023-10-28,1610612740,1610612752,96,87,99,99,NOP,NYK,True
30,0022300091,2023-10-28,1610612739,1610612754,113,125,98,98,CLE,IND,True
31,0022300092,2023-10-28,1610612761,1610612755,107,114,92,93,TOR,PHI,True
32,0022300093,2023-10-28,1610612750,1610612748,106,90,98,98,MIN,MIA,True
33,0022300094,2023-10-28,1610612756,1610612762,126,104,100,99,PHX,UTA,True
29,0022300090,2023-10-28,1610612752,1610612740,87,96,99,99,NYK,NOP,False
30,0022300091,2023-10-28,1610612754,1610612739,125,113,98,98,IND,CLE,False
31,0022300092,2023-10-28,1610612755,1610612761,114,107,93,92,PHI,TOR,False
32,0022300093,2023-10-28,1610612748,1610612750,90,106,98,98,MIA,MIN,False
34,0022300095,2023-10-29,1610612743,1610612760,128,95,95,95,DEN,OKC,False
35,0022300096,2023-10-29,1610612744,1610612745,106,95,93,93,GSW,HOU,False
36,0022300097,2023-10-29,1610612737,1610612749,127,110,102,102,ATL,MIL,False
37,0022300098,2023-10-29,1610612757,1610612755,98,126,102,102,POR,PHI,False
38,0022300099,2023-10-29,1610612759,1610612746,83,123,102,103,SAS,LAC,False
39,0022300100,2023-10-29,1610612747,1610612758,127,132,112,113,LAL,SAC,False
38,0022300099,2023-10-29,1610612746,1610612759,123,83,103,102,LAC,SAS,True
37,0022300098,2023-10-29,1610612755,1610612757,126,98,102,102,PHI,POR,True
36,0022300097,2023-10-29,1610612749,1610612737,110,127,102,102,MIL,ATL,True
39,0022300100,2023-10-29,1610612758,1610612747,132,127,113,112,SAC,LAL,True
35,0022300096,2023-10-29,1610612745,1610612744,95,106,93,93,HOU,GSW,True
34,0022300095,2023-10-29,1610612760,1610612743,95,128,95,95,OKC,DEN,True
43,0022300104,2023-10-30,1610612737,1610612750,127,113,97,99,ATL,MIN,True
44,0022300105,2023-10-30,1610612761,1610612757,91,99,92,93,TOR,POR,True
42,0022300103,2023-10-30,1610612764,1610612738,107,126,102,104,WAS,BOS,True
46,0022300107,2023-10-30,1610612749,1610612748,122,114,103,102,MIL,MIA,True
47,0022300108,2023-10-30,1610612740,1610612744,102,130,100,100,NOP,GSW,True
48,0022300109,2023-10-30,1610612760,1610612765,124,112,103,102,OKC,DET,True
49,0022300110,2023-10-30,1610612743,1610612762,110,102,98,97,DEN,UTA,True
50,0022300111,2023-10-30,1610612747,1610612753,106,103,98,99,LAL,ORL,True
45,0022300106,2023-10-30,1610612763,1610612742,110,125,100,101,MEM,DAL,True
40,0022300101,2023-10-30,1610612766,1610612751,121,133,105,104,CHA,BKN,True
41,0022300102,2023-10-30,1610612754,1610612741,105,112,102,102,IND,CHI,True
48,0022300109,2023-10-30,1610612765,1610612760,112,124,102,103,DET,OKC,False
45,0022300106,2023-10-30,1610612742,1610612763,125,110,101,100,DAL,MEM,False
44,0022300105,2023-10-30,1610612757,1610612761,99,91,93,92,POR,TOR,False
43,0022300104,2023-10-30,1610612750,1610612737,113,127,99,97,MIN,ATL,False
42,0022300103,2023-10-30,1610612738,1610612764,126,107,104,102,BOS,WAS,False
41,0022300102,2023-10-30,1610612741,1610612754,112,105,102,102,CHI,IND,False
40,0022300101,2023-10-30,1610612751,1610612766,133,121,104,105,BKN,CHA,False
46,0022300107,2023-10-30,1610612748,1610612749,114,122,102,103,MIA,MIL,False
47,0022300108,2023-10-30,1610612744,1610612740,130,102,100,100,GSW,NOP,False
50,0022300111,2023-10-30,1610612753,1610612747,103,106,99,98,ORL,LAL,False
49,0022300110,2023-10-30,1610612762,1610612743,102,110,97,98,UTA,DEN,False
51,0022300112,2023-10-31,1610612752,1610612739,109,91,95,95,NYK,CLE,False
52,0022300113,2023-10-31,1610612759,1610612756,115,114,99,99,SAS,PHX,False
53,0022300114,2023-10-31,1610612753,1610612746,102,118,103,105,ORL,LAC,False
51,0022300112,2023-10-31,1610612739,1610612752,91,109,95,95,CLE,NYK,True
52,0022300113,2023-10-31,1610612756,1610612759,114,115,99,99,PHX,SAS,True
53,0022300114,2023-10-31,1610612746,1610612753,118,102,105,103,LAC,ORL,True
62,0022300123,2023-11-01,1610612750,1610612743,110,89,98,97,MIN,DEN,True
56,0022300117,2023-11-01,1610612737,1610612764,130,121,110,110,ATL,WAS,True
63,0022300124,2023-11-01,1610612742,1610612741,114,105,94,94,DAL,CHI,True
58,0022300119,2023-11-01,1610612748,1610612751,105,109,102,100,MIA,BKN,True
59,0022300120,2023-11-01,1610612752,1610612739,89,95,94,94,NYK,CLE,True
60,0022300121,2023-11-01,1610612760,1610612740,106,110,103,102,OKC,NOP,True
61,0022300122,2023-11-01,1610612745,1610612766,128,119,101,101,HOU,CHA,True
64,0022300125,2023-11-01,1610612762,1610612763,133,109,107,108,UTA,MEM,True
55,0022300116,2023-11-01,1610612761,1610612749,130,111,97,96,TOR,MIL,True
57,0022300118,2023-11-01,1610612738,1610612754,155,104,107,106,BOS,IND,True
66,0022300127,2023-11-01,1610612747,1610612746,130,125,109,108,LAL,LAC,True
62,0022300123,2023-11-01,1610612743,1610612750,89,110,97,98,DEN,MIN,False
54,0022300115,2023-11-01,1610612757,1610612765,110,101,105,104,POR,DET,False
55,0022300116,2023-11-01,1610612749,1610612761,111,130,96,97,MIL,TOR,False
65,0022300126,2023-11-01,1610612744,1610612758,102,101,96,95,GSW,SAC,True
56,0022300117,2023-11-01,1610612764,1610612737,121,130,110,110,WAS,ATL,False
66,0022300127,2023-11-01,1610612746,1610612747,125,130,108,109,LAC,LAL,False
65,0022300126,2023-11-01,1610612758,1610612744,101,102,95,96,SAC,GSW,False
64,0022300125,2023-11-01,1610612763,1610612762,109,133,108,107,MEM,UTA,False
63,0022300124,2023-11-01,1610612741,1610612742,105,114,94,94,CHI,DAL,False
54,0022300115,2023-11-01,1610612765,1610612757,101,110,104,105,DET,POR,True
61,0022300122,2023-11-01,1610612766,1610612745,119,128,101,101,CHA,HOU,False
60,0022300121,2023-11-01,1610612740,1610612760,110,106,102,103,NOP,OKC,False
59,0022300120,2023-11-01,1610612739,1610612752,95,89,94,94,CLE,NYK,False
58,0022300119,2023-11-01,1610612751,1610612748,109,105,100,102,BKN,MIA,False
57,0022300118,2023-11-01,1610612754,1610612738,104,155,106,107,IND,BOS,False
67,0022300128,2023-11-02,1610612755,1610612761,114,99,96,95,PHI,TOR,True
69,0022300130,2023-11-02,1610612753,1610612762,115,113,105,105,ORL,UTA,False
70,0022300131,2023-11-02,1610612759,1610612756,132,121,100,99,SAS,PHX,False
67,0022300128,2023-11-02,1610612761,1610612755,99,114,95,96,TOR,PHI,False
68,0022300129,2023-11-02,1610612765,1610612740,116,125,99,99,DET,NOP,False
68,0022300129,2023-11-02,1610612740,1610612765,125,116,99,99,NOP,DET,True
70,0022300131,2023-11-02,1610612756,1610612759,121,132,99,100,PHX,SAS,True
69,0022300130,2023-11-02,1610612762,1610612753,113,115,105,105,UTA,ORL,True
73,0022300003,2023-11-03,1610612764,1610612748,114,121,101,101,WAS,MIA,False
74,0022300004,2023-11-03,1610612751,1610612741,109,107,93,95,BKN,CHI,False
71,0022300001,2023-11-03,1610612739,1610612754,116,121,101,102,CLE,IND,False
72,0022300002,2023-11-03,1610612752,1610612749,105,110,99,99,NYK,MIL,False
75,0022300005,2023-11-03,1610612744,1610612760,141,139,103,104,GSW,OKC,False
77,0022300007,2023-11-03,1610612757,1610612763,115,113,106,106,POR,MEM,True
76,0022300006,2023-11-03,1610612743,1610612742,125,114,97,96,DEN,DAL,True
77,0022300007,2023-11-03,1610612763,1610612757,113,115,106,106,MEM,POR,False
75,0022300005,2023-11-03,1610612760,1610612744,139,141,104,103,OKC,GSW,True
74,0022300004,2023-11-03,1610612741,1610612751,107,109,95,93,CHI,BKN,True
73,0022300003,2023-11-03,1610612748,1610612764,121,114,101,101,MIA,WAS,True
72,0022300002,2023-11-03,1610612749,1610612752,110,105,99,99,MIL,NYK,True
71,0022300001,2023-11-03,1610612754,1610612739,121,116,102,101,IND,CLE,True
76,0022300006,2023-11-03,1610612742,1610612743,114,125,96,97,DAL,DEN,False
82,0022300136,2023-11-04,1610612738,1610612751,124,114,100,99,BOS,BKN,False
80,0022300134,2023-11-04,1610612747,1610612753,101,120,96,97,LAL,ORL,False
78,0022300132,2023-11-04,1610612756,1610612755,100,112,98,98,PHX,PHI,False
83,0022300137,2023-11-04,1610612758,1610612745,89,107,94,94,SAC,HOU,False
84,0022300138,2023-11-04,1610612762,1610612750,95,123,96,95,UTA,MIN,False
85,0022300139,2023-11-04,1610612743,1610612741,123,101,98,97,DEN,CHI,True
79,0022300133,2023-11-04,1610612766,1610612754,125,124,98,99,CHA,IND,False
84,0022300138,2023-11-04,1610612750,1610612762,123,95,95,96,MIN,UTA,True
83,0022300137,2023-11-04,1610612745,1610612758,107,89,94,94,HOU,SAC,True
82,0022300136,2023-11-04,1610612751,1610612738,114,124,99,100,BKN,BOS,True
81,0022300135,2023-11-04,1610612740,1610612737,105,123,94,95,NOP,ATL,True
80,0022300134,2023-11-04,1610612753,1610612747,120,101,97,96,ORL,LAL,True
79,0022300133,2023-11-04,1610612754,1610612766,124,125,99,98,IND,CHA,True
78,0022300132,2023-11-04,1610612755,1610612756,112,100,98,98,PHI,PHX,True
85,0022300139,2023-11-04,1610612741,1610612743,101,123,97,98,CHI,DEN,False
81,0022300135,2023-11-04,1610612737,1610612740,123,105,95,94,ATL,NOP,False
90,0022300144,2023-11-05,1610612763,1610612757,112,100,98,99,MEM,POR,False
89,0022300142,2023-11-05,1610612744,1610612739,104,115,102,101,GSW,CLE,False
88,0022300143,2023-11-05,1610612766,1610612742,118,124,101,102,CHA,DAL,False
86,0022300140,2023-11-05,1610612756,1610612765,120,106,97,97,PHX,DET,False
87,0022300141,2023-11-05,1610612761,1610612759,123,116,107,106,TOR,SAS,False
86,0022300140,2023-11-05,1610612765,1610612756,106,120,97,97,DET,PHX,True
87,0022300141,2023-11-05,1610612759,1610612761,116,123,106,107,SAS,TOR,True
88,0022300143,2023-11-05,1610612742,1610612766,124,118,102,101,DAL,CHA,True
90,0022300144,2023-11-05,1610612757,1610612763,100,112,99,98,POR,MEM,True
89,0022300142,2023-11-05,1610612739,1610612744,115,104,101,102,CLE,GSW,True
101,0022300155,2023-11-06,1610612760,1610612737,126,117,106,105,OKC,ATL,True
91,0022300145,2023-11-06,1610612744,1610612765,120,109,96,96,GSW,DET,False
92,0022300146,2023-11-06,1610612759,1610612754,111,152,105,106,SAS,IND,False
93,0022300147,2023-11-06,1610612742,1610612753,117,102,99,99,DAL,ORL,False
94,0022300148,2023-11-06,1610612764,1610612755,128,146,110,110,WAS,PHI,False
95,0022300149,2023-11-06,1610612749,1610612751,129,125,102,102,MIL,BKN,False
96,0022300150,2023-11-06,1610612747,1610612748,107,108,97,98,LAL,MIA,False
97,0022300151,2023-11-06,1610612746,1610612752,97,111,96,96,LAC,NYK,False
98,0022300152,2023-11-06,1610612762,1610612741,113,130,99,99,UTA,CHI,False
99,0022300153,2023-11-06,1610612758,1610612745,97,122,91,93,SAC,HOU,False
101,0022300155,2023-11-06,1610612737,1610612760,117,126,105,106,ATL,OKC,False
102,0022300156,2023-11-06,1610612743,1610612740,134,116,100,98,DEN,NOP,True
102,0022300156,2023-11-06,1610612740,1610612743,116,134,98,100,NOP,DEN,False
91,0022300145,2023-11-06,1610612765,1610612744,109,120,96,96,DET,GSW,True
92,0022300146,2023-11-06,1610612754,1610612759,152,111,106,105,IND,SAS,True
93,0022300147,2023-11-06,1610612753,1610612742,102,117,99,99,ORL,DAL,True
94,0022300148,2023-11-06,1610612755,1610612764,146,128,110,110,PHI,WAS,True
95,0022300149,2023-11-06,1610612751,1610612749,125,129,102,102,BKN,MIL,True
96,0022300150,2023-11-06,1610612748,1610612747,108,107,98,97,MIA,LAL,True
97,0022300151,2023-11-06,1610612752,1610612746,111,97,96,96,NYK,LAC,True
98,0022300152,2023-11-06,1610612741,1610612762,130,113,99,99,CHI,UTA,True
99,0022300153,2023-11-06,1610612745,1610612758,122,97,93,91,HOU,SAC,True
100,0022300154,2023-11-06,1610612738,1610612750,109,114,108,110,BOS,MIN,False
100,0022300154,2023-11-06,1610612750,1610612738,114,109,110,108,MIN,BOS,True
114,0022300168,2023-11-08,1610612742,1610612761,114,117,103,103,DAL,TOR,True
104,0022300158,2023-11-08,1610612762,1610612754,118,134,104,106,UTA,IND,False
105,0022300159,2023-11-08,1610612738,1610612755,103,106,101,102,BOS,PHI,False
106,0022300160,2023-11-08,1610612746,1610612751,93,100,97,97,LAC,BKN,False
107,0022300161,2023-11-08,1610612759,1610612752,97,116,97,98,SAS,NYK,False
109,0022300163,2023-11-08,1610612747,1610612745,94,120,99,98,LAL,HOU,False
103,0022300157,2023-11-08,1610612764,1610612766,132,116,101,101,WAS,CHA,False
108,0022300162,2023-11-08,1610612756,1610612741,108,111,107,108,PHX,CHI,False
111,0022300165,2023-11-08,1610612765,1610612749,116,120,106,106,DET,MIL,False
107,0022300161,2023-11-08,1610612752,1610612759,116,97,98,97,NYK,SAS,True
103,0022300157,2023-11-08,1610612766,1610612764,116,132,101,101,CHA,WAS,True
104,0022300158,2023-11-08,1610612754,1610612762,134,118,106,104,IND,UTA,True
105,0022300159,2023-11-08,1610612755,1610612738,106,103,102,101,PHI,BOS,True
110,0022300164,2023-11-08,1610612748,1610612763,106,98,100,98,MIA,MEM,False
116,0022300170,2023-11-08,1610612757,1610612758,118,121,106,107,POR,SAC,False
106,0022300160,2023-11-08,1610612751,1610612746,100,93,97,97,BKN,LAC,True
114,0022300168,2023-11-08,1610612761,1610612742,117,114,103,103,TOR,DAL,False
113,0022300167,2023-11-08,1610612739,1610612760,114,124,103,104,CLE,OKC,False
115,0022300169,2023-11-08,1610612744,1610612743,105,108,95,95,GSW,DEN,False
108,0022300162,2023-11-08,1610612741,1610612756,111,108,108,107,CHI,PHX,True
115,0022300169,2023-11-08,1610612743,1610612744,108,105,95,95,DEN,GSW,True
112,0022300166,2023-11-08,1610612740,1610612750,97,118,102,102,NOP,MIN,False
113,0022300167,2023-11-08,1610612760,1610612739,124,114,104,103,OKC,CLE,True
112,0022300166,2023-11-08,1610612750,1610612740,118,97,102,102,MIN,NOP,True
109,0022300163,2023-11-08,1610612745,1610612747,120,94,98,99,HOU,LAL,True
111,0022300165,2023-11-08,1610612749,1610612765,120,116,106,106,MIL,DET,True
110,0022300164,2023-11-08,1610612763,1610612748,98,106,98,100,MEM,MIA,True
116,0022300170,2023-11-08,1610612758,1610612757,121,118,107,106,SAC,POR,True
117,0022300171,2023-11-09,1610612754,1610612749,126,124,100,101,IND,MIL,True
118,0022300172,2023-11-09,1610612737,1610612753,120,119,104,103,ATL,ORL,False
117,0022300171,2023-11-09,1610612749,1610612754,124,126,101,100,MIL,IND,False
118,0022300172,2023-11-09,1610612753,1610612737,119,120,103,104,ORL,ATL,True
122,0022300011,2023-11-10,1610612740,1610612745,101,104,96,95,NOP,HOU,False
127,0022300016,2023-11-10,1610612760,1610612758,98,105,98,99,OKC,SAC,False
126,0022300015,2023-11-10,1610612747,1610612756,122,119,97,97,LAL,PHX,False
125,0022300014,2023-11-10,1610612746,1610612742,126,144,97,98,LAC,DAL,False
119,0022300008,2023-11-10,1610612755,1610612765,114,106,98,98,PHI,DET,False
121,0022300010,2023-11-10,1610612751,1610612738,107,121,95,96,BKN,BOS,False
120,0022300009,2023-11-10,1610612766,1610612764,124,117,102,101,CHA,WAS,False
123,0022300012,2023-11-10,1610612762,1610612763,127,121,99,100,UTA,MEM,False
119,0022300008,2023-11-10,1610612765,1610612755,106,114,98,98,DET,PHI,True
120,0022300009,2023-11-10,1610612764,1610612766,117,124,101,102,WAS,CHA,True
121,0022300010,2023-11-10,1610612738,1610612751,121,107,96,95,BOS,BKN,True
122,0022300011,2023-11-10,1610612745,1610612740,104,101,95,96,HOU,NOP,True
123,0022300012,2023-11-10,1610612763,1610612762,121,127,100,99,MEM,UTA,True
124,0022300013,2023-11-10,1610612759,1610612750,110,117,104,103,SAS,MIN,True
125,0022300014,2023-11-10,1610612742,1610612746,144,126,98,97,DAL,LAC,True
126,0022300015,2023-11-10,1610612756,1610612747,119,122,97,97,PHX,LAL,True
127,0022300016,2023-11-10,1610612758,1610612760,105,98,99,98,SAC,OKC,True
124,0022300013,2023-11-10,1610612750,1610612759,117,110,103,104,MIN,SAS,False
131,0022300173,2023-11-11,1610612753,1610612749,112,97,99,99,ORL,MIL,True
130,0022300176,2023-11-11,1610612744,1610612739,104,112,103,104,GSW,CLE,True
129,0022300175,2023-11-11,1610612737,1610612748,101,111,102,103,ATL,MIA,True
128,0022300174,2023-11-11,1610612738,1610612761,117,94,96,95,BOS,TOR,True
129,0022300175,2023-11-11,1610612748,1610612737,111,101,103,102,MIA,ATL,False
130,0022300176,2023-11-11,1610612739,1610612744,112,104,104,103,CLE,GSW,False
131,0022300173,2023-11-11,1610612749,1610612753,97,112,99,99,MIL,ORL,False
128,0022300174,2023-11-11,1610612761,1610612738,94,117,95,96,TOR,BOS,False
140,0022300185,2023-11-12,1610612756,1610612760,99,111,95,95,PHX,OKC,True
140,0022300185,2023-11-12,1610612760,1610612756,111,99,95,95,OKC,PHX,False
133,0022300178,2023-11-12,1610612764,1610612751,94,102,101,101,WAS,BKN,False
141,0022300186,2023-11-12,1610612744,1610612750,110,116,100,99,GSW,MIN,True
142,0022300187,2023-11-12,1610612747,1610612757,116,110,101,100,LAL,POR,True
138,0022300183,2023-11-12,1610612740,1610612742,124,136,106,108,NOP,DAL,True
137,0022300182,2023-11-12,1610612745,1610612743,107,104,93,94,HOU,DEN,True
136,0022300181,2023-11-12,1610612741,1610612765,119,108,96,96,CHI,DET,True
135,0022300180,2023-11-12,1610612755,1610612754,137,126,99,100,PHI,IND,True
134,0022300179,2023-11-12,1610612746,1610612763,101,105,95,95,LAC,MEM,True
133,0022300178,2023-11-12,1610612751,1610612764,102,94,101,101,BKN,WAS,True
132,0022300177,2023-11-12,1610612766,1610612752,107,129,93,93,CHA,NYK,False
132,0022300177,2023-11-12,1610612752,1610612766,129,107,93,93,NYK,CHA,True
136,0022300181,2023-11-12,1610612765,1610612741,108,119,96,96,DET,CHI,False
134,0022300179,2023-11-12,1610612763,1610612746,105,101,95,95,MEM,LAC,False
135,0022300180,2023-11-12,1610612754,1610612755,126,137,100,99,IND,PHI,False
137,0022300182,2023-11-12,1610612743,1610612745,104,107,94,93,DEN,HOU,False
138,0022300183,2023-11-12,1610612742,1610612740,136,124,108,106,DAL,NOP,False
139,0022300184,2023-11-12,1610612748,1610612759,118,113,98,99,MIA,SAS,False
139,0022300184,2023-11-12,1610612759,1610612748,113,118,99,98,SAS,MIA,True
141,0022300186,2023-11-12,1610612750,1610612744,116,110,99,100,MIN,GSW,False
142,0022300187,2023-11-12,1610612757,1610612747,110,116,100,101,POR,LAL,False
143,0022300188,2023-11-13,1610612738,1610612752,114,98,85,85,BOS,NYK,True
144,0022300189,2023-11-13,1610612761,1610612764,111,107,102,100,TOR,WAS,True
145,0022300190,2023-11-13,1610612749,1610612741,118,109,98,97,MIL,CHI,True
146,0022300191,2023-11-13,1610612758,1610612739,132,120,96,94,SAC,CLE,True
143,0022300188,2023-11-13,1610612752,1610612738,98,114,85,85,NYK,BOS,False
144,0022300189,2023-11-13,1610612764,1610612761,107,111,100,102,WAS,TOR,False
145,0022300190,2023-11-13,1610612741,1610612749,109,118,97,98,CHI,MIL,False
146,0022300191,2023-11-13,1610612739,1610612758,120,132,94,96,CLE,SAC,False
155,0022300026,2023-11-14,1610612763,1610612747,107,134,97,95,MEM,LAL,False
152,0022300023,2023-11-14,1610612762,1610612757,115,99,100,98,UTA,POR,True
151,0022300022,2023-11-14,1610612740,1610612742,131,110,104,102,NOP,DAL,True
151,0022300022,2023-11-14,1610612742,1610612740,110,131,102,104,DAL,NOP,False
152,0022300023,2023-11-14,1610612757,1610612762,99,115,98,100,POR,UTA,False
153,0022300024,2023-11-14,1610612746,1610612743,108,111,93,94,LAC,DEN,False
154,0022300025,2023-11-14,1610612750,1610612744,104,101,95,97,MIN,GSW,False
155,0022300026,2023-11-14,1610612747,1610612763,134,107,95,97,LAL,MEM,True
156,0022300019,2023-11-14,1610612754,1610612755,132,126,107,108,IND,PHI,False
156,0022300019,2023-11-14,1610612755,1610612754,126,132,108,107,PHI,IND,True
150,0022300021,2023-11-14,1610612760,1610612759,123,87,104,105,OKC,SAS,True
149,0022300020,2023-11-14,1610612751,1610612753,124,104,94,94,BKN,ORL,True
148,0022300018,2023-11-14,1610612765,1610612737,120,126,102,101,DET,ATL,True
147,0022300017,2023-11-14,1610612766,1610612748,105,111,94,95,CHA,MIA,True
150,0022300021,2023-11-14,1610612759,1610612760,87,123,105,104,SAS,OKC,False
149,0022300020,2023-11-14,1610612753,1610612751,104,124,94,94,ORL,BKN,False
148,0022300018,2023-11-14,1610612737,1610612765,126,120,101,102,ATL,DET,False
147,0022300017,2023-11-14,1610612748,1610612766,111,105,95,94,MIA,CHA,False
153,0022300024,2023-11-14,1610612743,1610612746,111,108,94,93,DEN,LAC,True
154,0022300025,2023-11-14,1610612744,1610612750,101,104,97,95,GSW,MIN,True
158,0022300193,2023-11-15,1610612752,1610612737,116,114,94,94,NYK,ATL,False
157,0022300192,2023-11-15,1610612764,1610612742,117,130,101,103,WAS,DAL,True
158,0022300193,2023-11-15,1610612737,1610612752,114,116,94,94,ATL,NYK,True
159,0022300195,2023-11-15,1610612761,1610612749,112,128,98,99,TOR,MIL,True
160,0022300196,2023-11-15,1610612741,1610612753,94,96,97,97,CHI,ORL,True
164,0022300194,2023-11-15,1610612755,1610612738,107,117,93,93,PHI,BOS,True
163,0022300199,2023-11-15,1610612757,1610612739,95,109,94,94,POR,CLE,True
159,0022300195,2023-11-15,1610612749,1610612761,128,112,99,98,MIL,TOR,False
157,0022300192,2023-11-15,1610612742,1610612764,130,117,103,101,DAL,WAS,False
164,0022300194,2023-11-15,1610612738,1610612755,117,107,93,93,BOS,PHI,False
163,0022300199,2023-11-15,1610612739,1610612757,109,95,94,94,CLE,POR,False
162,0022300198,2023-11-15,1610612758,1610612747,125,110,107,109,SAC,LAL,False
161,0022300197,2023-11-15,1610612750,1610612756,115,133,89,91,MIN,PHX,False
160,0022300196,2023-11-15,1610612753,1610612741,96,94,97,97,ORL,CHI,False
162,0022300198,2023-11-15,1610612747,1610612758,110,125,109,107,LAL,SAC,True
161,0022300197,2023-11-15,1610612756,1610612750,133,115,91,89,PHX,MIN,True
166,0022300201,2023-11-16,1610612760,1610612744,128,109,97,98,OKC,GSW,False
165,0022300200,2023-11-16,1610612751,1610612748,115,122,92,91,BKN,MIA,False
166,0022300201,2023-11-16,1610612744,1610612760,109,128,98,97,GSW,OKC,True
165,0022300200,2023-11-16,1610612748,1610612751,122,115,91,92,MIA,BKN,True
171,0022300031,2023-11-17,1610612761,1610612738,105,108,97,97,TOR,BOS,True
168,0022300028,2023-11-17,1610612764,1610612752,99,120,92,93,WAS,NYK,True
167,0022300027,2023-11-17,1610612749,1610612766,130,99,103,102,MIL,CHA,False
168,0022300028,2023-11-17,1610612752,1610612764,120,99,93,92,NYK,WAS,False
169,0022300029,2023-11-17,1610612755,1610612737,126,116,96,96,PHI,ATL,False
170,0022300030,2023-11-17,1610612765,1610612739,100,108,97,97,DET,CLE,False
171,0022300031,2023-11-17,1610612738,1610612761,108,105,97,97,BOS,TOR,False
172,0022300032,2023-11-17,1610612758,1610612759,129,120,106,106,SAC,SAS,False
173,0022300033,2023-11-17,1610612753,1610612741,103,97,93,93,ORL,CHI,False
174,0022300034,2023-11-17,1610612743,1610612740,110,115,99,99,DEN,NOP,False
167,0022300027,2023-11-17,1610612766,1610612749,99,130,102,103,CHA,MIL,True
175,0022300035,2023-11-17,1610612756,1610612762,131,128,97,96,PHX,UTA,False
177,0022300037,2023-11-17,1610612746,1610612745,106,100,99,98,LAC,HOU,True
176,0022300036,2023-11-17,1610612757,1610612747,95,107,96,95,POR,LAL,True
175,0022300035,2023-11-17,1610612762,1610612756,128,131,96,97,UTA,PHX,True
174,0022300034,2023-11-17,1610612740,1610612743,115,110,99,99,NOP,DEN,True
173,0022300033,2023-11-17,1610612741,1610612753,97,103,93,93,CHI,ORL,True
172,0022300032,2023-11-17,1610612759,1610612758,120,129,106,106,SAS,SAC,True
170,0022300030,2023-11-17,1610612739,1610612765,108,100,97,97,CLE,DET,True
169,0022300029,2023-11-17,1610612737,1610612755,116,126,96,96,ATL,PHI,True
177,0022300037,2023-11-17,1610612745,1610612746,100,106,98,99,HOU,LAC,False
176,0022300036,2023-11-17,1610612747,1610612757,107,95,95,96,LAL,POR,False
182,0022300207,2023-11-18,1610612760,1610612744,130,123,110,109,OKC,GSW,False
179,0022300203,2023-11-18,1610612750,1610612740,121,120,97,99,MIN,NOP,False
180,0022300204,2023-11-18,1610612748,1610612741,97,102,92,91,MIA,CHI,False
181,0022300206,2023-11-18,1610612763,1610612759,120,108,97,96,MEM,SAS,False
183,0022300205,2023-11-18,1610612742,1610612749,125,132,102,103,DAL,MIL,False
182,0022300207,2023-11-18,1610612744,1610612760,123,130,109,110,GSW,OKC,True
181,0022300206,2023-11-18,1610612759,1610612763,108,120,96,97,SAS,MEM,True
180,0022300204,2023-11-18,1610612741,1610612748,102,97,91,92,CHI,MIA,True
179,0022300203,2023-11-18,1610612740,1610612750,120,121,99,97,NOP,MIN,True
178,0022300202,2023-11-18,1610612766,1610612752,108,122,95,95,CHA,NYK,True
178,0022300202,2023-11-18,1610612752,1610612766,122,108,95,95,NYK,CHA,False
183,0022300205,2023-11-18,1610612749,1610612742,132,125,103,102,MIL,DAL,True
192,0022300216,2023-11-19,1610612745,1610612747,104,105,97,98,HOU,LAL,False
185,0022300211,2023-11-19,1610612765,1610612761,113,142,104,105,DET,TOR,False
184,0022300208,2023-11-19,1610612751,1610612755,99,121,95,95,BKN,PHI,True
185,0022300211,2023-11-19,1610612761,1610612765,142,113,105,104,TOR,DET,True
186,0022300209,2023-11-19,1610612754,1610612753,116,128,108,109,IND,ORL,True
187,0022300210,2023-11-19,1610612739,1610612743,121,109,96,96,CLE,DEN,True
188,0022300212,2023-11-19,1610612742,1610612758,113,129,97,96,DAL,SAC,True
189,0022300213,2023-11-19,1610612763,1610612738,100,102,93,93,MEM,BOS,True
190,0022300214,2023-11-19,1610612762,1610612756,137,140,114,116,UTA,PHX,True
184,0022300208,2023-11-19,1610612755,1610612751,121,99,95,95,PHI,BKN,False
192,0022300216,2023-11-19,1610612747,1610612745,105,104,98,97,LAL,HOU,True
191,0022300215,2023-11-19,1610612757,1610612760,91,134,95,95,POR,OKC,True
191,0022300215,2023-11-19,1610612760,1610612757,134,91,95,95,OKC,POR,False
190,0022300214,2023-11-19,1610612756,1610612762,140,137,116,114,PHX,UTA,False
189,0022300213,2023-11-19,1610612738,1610612763,102,100,93,93,BOS,MEM,False
188,0022300212,2023-11-19,1610612758,1610612742,129,113,96,97,SAC,DAL,False
187,0022300210,2023-11-19,1610612743,1610612739,109,121,96,96,DEN,CLE,False
186,0022300209,2023-11-19,1610612753,1610612754,128,116,109,108,ORL,IND,False
193,0022300217,2023-11-20,1610612738,1610612766,118,121,107,105,BOS,CHA,False
199,0022300223,2023-11-20,1610612746,1610612759,124,99,99,99,LAC,SAS,False
197,0022300221,2023-11-20,1610612752,1610612750,100,117,98,98,NYK,MIN,False
198,0022300222,2023-11-20,1610612758,1610612740,93,129,99,99,SAC,NOP,False
194,0022300218,2023-11-20,1610612743,1610612765,107,103,98,97,DEN,DET,False
200,0022300224,2023-11-20,1610612745,1610612744,116,121,94,92,HOU,GSW,False
196,0022300220,2023-11-20,1610612748,1610612741,118,100,91,92,MIA,CHI,False
198,0022300222,2023-11-20,1610612740,1610612758,129,93,99,99,NOP,SAC,True
195,0022300219,2023-11-20,1610612764,1610612749,129,142,101,103,WAS,MIL,True
196,0022300220,2023-11-20,1610612741,1610612748,100,118,92,91,CHI,MIA,True
197,0022300221,2023-11-20,1610612750,1610612752,117,100,98,98,MIN,NYK,True
199,0022300223,2023-11-20,1610612759,1610612746,99,124,99,99,SAS,LAC,True
200,0022300224,2023-11-20,1610612744,1610612745,121,116,92,94,GSW,HOU,True
194,0022300218,2023-11-20,1610612765,1610612743,103,107,97,98,DET,DEN,True
195,0022300219,2023-11-20,1610612749,1610612764,142,129,103,101,MIL,WAS,False
193,0022300217,2023-11-20,1610612766,1610612738,121,118,105,107,CHA,BOS,True
202,0022300039,2023-11-21,1610612737,1610612754,152,157,107,107,ATL,IND,True
201,0022300038,2023-11-21,1610612761,1610612753,107,126,101,100,TOR,ORL,False
202,0022300039,2023-11-21,1610612754,1610612737,157,152,107,107,IND,ATL,False
203,0022300040,2023-11-21,1610612739,1610612755,122,119,106,107,CLE,PHI,False
204,0022300041,2023-11-21,1610612757,1610612756,107,120,91,91,POR,PHX,False
205,0022300042,2023-11-21,1610612762,1610612747,99,131,103,103,UTA,LAL,False
201,0022300038,2023-11-21,1610612753,1610612761,126,107,100,101,ORL,TOR,True
203,0022300040,2023-11-21,1610612755,1610612739,119,122,107,106,PHI,CLE,True
204,0022300041,2023-11-21,1610612756,1610612757,120,107,91,91,PHX,POR,True
205,0022300042,2023-11-21,1610612747,1610612762,131,99,103,103,LAL,UTA,True
217,0022300236,2023-11-22,1610612744,1610612756,115,123,100,100,GSW,PHX,False
216,0022300235,2023-11-22,1610612746,1610612759,109,102,102,102,LAC,SAS,False
215,0022300234,2023-11-22,1610612741,1610612760,102,116,93,93,CHI,OKC,False
214,0022300233,2023-11-22,1610612758,1610612740,112,117,98,98,SAC,NOP,False
211,0022300230,2023-11-22,1610612761,1610612754,132,131,105,106,TOR,IND,False
212,0022300231,2023-11-22,1610612763,1610612745,91,111,96,96,MEM,HOU,False
218,0022300237,2023-11-22,1610612762,1610612757,105,121,98,97,UTA,POR,False
210,0022300229,2023-11-22,1610612748,1610612739,129,96,94,92,MIA,CLE,False
209,0022300228,2023-11-22,1610612749,1610612738,116,119,101,101,MIL,BOS,False
208,0022300227,2023-11-22,1610612751,1610612737,145,147,114,115,BKN,ATL,False
207,0022300226,2023-11-22,1610612743,1610612753,119,124,93,92,DEN,ORL,False
206,0022300225,2023-11-22,1610612764,1610612766,114,117,101,99,WAS,CHA,False
213,0022300232,2023-11-22,1610612755,1610612750,99,112,95,96,PHI,MIN,False
219,0022300238,2023-11-22,1610612742,1610612747,104,101,95,95,DAL,LAL,False
219,0022300238,2023-11-22,1610612747,1610612742,101,104,95,95,LAL,DAL,True
210,0022300229,2023-11-22,1610612739,1610612748,96,129,92,94,CLE,MIA,True
218,0022300237,2023-11-22,1610612757,1610612762,121,105,97,98,POR,UTA,True
217,0022300236,2023-11-22,1610612756,1610612744,123,115,100,100,PHX,GSW,True
216,0022300235,2023-11-22,1610612759,1610612746,102,109,102,102,SAS,LAC,True
206,0022300225,2023-11-22,1610612766,1610612764,117,114,99,101,CHA,WAS,True
207,0022300226,2023-11-22,1610612753,1610612743,124,119,92,93,ORL,DEN,True
215,0022300234,2023-11-22,1610612760,1610612741,116,102,93,93,OKC,CHI,True
208,0022300227,2023-11-22,1610612737,1610612751,147,145,115,114,ATL,BKN,True
209,0022300228,2023-11-22,1610612738,1610612749,119,116,101,101,BOS,MIL,True
214,0022300233,2023-11-22,1610612740,1610612758,117,112,98,98,NOP,SAC,True
211,0022300230,2023-11-22,1610612754,1610612761,131,132,106,105,IND,TOR,True
212,0022300231,2023-11-22,1610612745,1610612763,111,91,96,96,HOU,MEM,True
213,0022300232,2023-11-22,1610612750,1610612755,112,99,96,95,MIN,PHI,True
224,0022300047,2023-11-24,1610612754,1610612765,136,113,99,99,IND,DET,True
220,0022300043,2023-11-24,1610612753,1610612738,113,96,98,100,ORL,BOS,True
221,0022300044,2023-11-24,1610612763,1610612756,89,110,92,92,MEM,PHX,True
229,0022300049,2023-11-24,1610612749,1610612764,131,128,103,104,MIL,WAS,True
228,0022300052,2023-11-24,1610612746,1610612740,106,116,100,100,LAC,NOP,True
227,0022300051,2023-11-24,1610612744,1610612759,118,112,106,107,GSW,SAS,True
223,0022300046,2023-11-24,1610612761,1610612741,121,108,92,91,TOR,CHI,True
225,0022300048,2023-11-24,1610612745,1610612743,105,86,97,97,HOU,DEN,True
226,0022300050,2023-11-24,1610612750,1610612758,111,124,100,99,MIN,SAC,True
222,0022300045,2023-11-24,1610612752,1610612748,100,98,97,97,NYK,MIA,True
221,0022300044,2023-11-24,1610612756,1610612763,110,89,92,92,PHX,MEM,False
229,0022300049,2023-11-24,1610612764,1610612749,128,131,104,103,WAS,MIL,False
228,0022300052,2023-11-24,1610612740,1610612746,116,106,100,100,NOP,LAC,False
227,0022300051,2023-11-24,1610612759,1610612744,112,118,107,106,SAS,GSW,False
220,0022300043,2023-11-24,1610612738,1610612753,96,113,100,98,BOS,ORL,False
226,0022300050,2023-11-24,1610612758,1610612750,124,111,99,100,SAC,MIN,False
225,0022300048,2023-11-24,1610612743,1610612745,86,105,97,97,DEN,HOU,False
224,0022300047,2023-11-24,1610612765,1610612754,113,136,99,99,DET,IND,False
223,0022300046,2023-11-24,1610612741,1610612761,108,121,91,92,CHI,TOR,False
222,0022300045,2023-11-24,1610612748,1610612752,98,100,97,97,MIA,NYK,False
231,0022300240,2023-11-25,1610612748,1610612751,97,112,95,94,MIA,BKN,False
230,0022300239,2023-11-25,1610612755,1610612760,127,123,97,96,PHI,OKC,False
232,0022300241,2023-11-25,1610612737,1610612764,136,108,103,102,ATL,WAS,False
233,0022300242,2023-11-25,1610612747,1610612739,121,115,106,106,LAL,CLE,False
234,0022300243,2023-11-25,1610612762,1610612740,105,100,100,100,UTA,NOP,True
233,0022300242,2023-11-25,1610612739,1610612747,115,121,106,106,CLE,LAL,True
232,0022300241,2023-11-25,1610612764,1610612737,108,136,102,103,WAS,ATL,True
231,0022300240,2023-11-25,1610612751,1610612748,112,97,94,95,BKN,MIA,True
230,0022300239,2023-11-25,1610612760,1610612755,123,127,96,97,OKC,PHI,True
234,0022300243,2023-11-25,1610612740,1610612762,100,105,100,100,NOP,UTA,False
235,0022300244,2023-11-25,1610612742,1610612746,88,107,92,91,DAL,LAC,False
235,0022300244,2023-11-25,1610612746,1610612742,107,88,91,92,LAC,DAL,True
237,0022300247,2023-11-26,1610612756,1610612752,116,113,90,88,PHX,NYK,False
243,0022300245,2023-11-26,1610612757,1610612749,102,108,101,101,POR,MIL,False
242,0022300252,2023-11-26,1610612759,1610612743,120,132,105,104,SAS,DEN,False
241,0022300251,2023-11-26,1610612761,1610612739,102,105,98,98,TOR,CLE,False
238,0022300248,2023-11-26,1610612766,1610612753,117,130,105,105,CHA,ORL,False
239,0022300249,2023-11-26,1610612750,1610612763,119,97,98,97,MIN,MEM,False
240,0022300250,2023-11-26,1610612741,1610612751,109,118,92,91,CHI,BKN,False
236,0022300246,2023-11-26,1610612737,1610612738,103,113,97,99,ATL,BOS,False
236,0022300246,2023-11-26,1610612738,1610612737,113,103,99,97,BOS,ATL,True
238,0022300248,2023-11-26,1610612753,1610612766,130,117,105,105,ORL,CHA,True
239,0022300249,2023-11-26,1610612763,1610612750,97,119,97,98,MEM,MIN,True
240,0022300250,2023-11-26,1610612751,1610612741,118,109,91,92,BKN,CHI,True
237,0022300247,2023-11-26,1610612752,1610612756,113,116,88,90,NYK,PHX,True
242,0022300252,2023-11-26,1610612743,1610612759,132,120,104,105,DEN,SAS,True
243,0022300245,2023-11-26,1610612749,1610612757,108,102,101,101,MIL,POR,True
241,0022300251,2023-11-26,1610612739,1610612761,105,102,98,98,CLE,TOR,True
244,0022300253,2023-11-27,1610612765,1610612764,107,126,105,106,DET,WAS,True
248,0022300257,2023-11-27,1610612746,1610612743,104,113,97,97,LAC,DEN,True
245,0022300254,2023-11-27,1610612754,1610612757,110,114,103,104,IND,POR,True
247,0022300256,2023-11-27,1610612740,1610612762,112,114,94,95,NOP,UTA,False
246,0022300255,2023-11-27,1610612747,1610612755,94,138,96,97,LAL,PHI,False
245,0022300254,2023-11-27,1610612757,1610612754,114,110,104,103,POR,IND,False
244,0022300253,2023-11-27,1610612764,1610612765,126,107,106,105,WAS,DET,False
248,0022300257,2023-11-27,1610612743,1610612746,113,104,97,97,DEN,LAC,False
246,0022300255,2023-11-27,1610612755,1610612747,138,94,97,96,PHI,LAL,True
247,0022300256,2023-11-27,1610612762,1610612740,114,112,95,94,UTA,NOP,True
255,0022300059,2023-11-28,1610612745,1610612742,115,121,95,96,HOU,DAL,False
254,0022300058,2023-11-28,1610612760,1610612750,103,106,99,97,OKC,MIN,False
253,0022300057,2023-11-28,1610612766,1610612752,91,115,94,95,CHA,NYK,False
253,0022300057,2023-11-28,1610612752,1610612766,115,91,95,94,NYK,CHA,True
252,0022300056,2023-11-28,1610612749,1610612748,131,124,100,99,MIL,MIA,False
251,0022300055,2023-11-28,1610612737,1610612739,105,128,103,103,ATL,CLE,False
250,0022300054,2023-11-28,1610612761,1610612751,103,115,99,98,TOR,BKN,False
249,0022300053,2023-11-28,1610612741,1610612738,97,124,96,96,CHI,BOS,False
249,0022300053,2023-11-28,1610612738,1610612741,124,97,96,96,BOS,CHI,True
250,0022300054,2023-11-28,1610612751,1610612761,115,103,98,99,BKN,TOR,True
256,0022300060,2023-11-28,1610612758,1610612744,124,123,105,105,SAC,GSW,True
255,0022300059,2023-11-28,1610612742,1610612745,121,115,96,95,DAL,HOU,True
254,0022300058,2023-11-28,1610612750,1610612760,106,103,97,99,MIN,OKC,True
256,0022300060,2023-11-28,1610612744,1610612758,123,124,105,105,GSW,SAC,False
252,0022300056,2023-11-28,1610612748,1610612749,124,131,99,100,MIA,MIL,True
251,0022300055,2023-11-28,1610612739,1610612737,128,105,103,103,CLE,ATL,True
258,0022300259,2023-11-29,1610612764,1610612753,120,139,101,101,WAS,ORL,False
259,0022300260,2023-11-29,1610612761,1610612756,112,105,96,96,TOR,PHX,True
260,0022300261,2023-11-29,1610612763,1610612762,105,91,94,94,MEM,UTA,True
261,0022300262,2023-11-29,1610612740,1610612755,124,114,97,97,NOP,PHI,True
262,0022300263,2023-11-29,1610612743,1610612745,134,124,91,90,DEN,HOU,True
263,0022300264,2023-11-29,1610612758,1610612746,117,131,97,98,SAC,LAC,True
257,0022300258,2023-11-29,1610612765,1610612747,107,133,105,106,DET,LAL,True
258,0022300259,2023-11-29,1610612753,1610612764,139,120,101,101,ORL,WAS,True
259,0022300260,2023-11-29,1610612756,1610612761,105,112,96,96,PHX,TOR,False
260,0022300261,2023-11-29,1610612762,1610612763,91,105,94,94,UTA,MEM,False
261,0022300262,2023-11-29,1610612755,1610612740,114,124,97,97,PHI,NOP,False
262,0022300263,2023-11-29,1610612745,1610612743,124,134,90,91,HOU,DEN,False
263,0022300264,2023-11-29,1610612746,1610612758,131,117,98,97,LAC,SAC,False
257,0022300258,2023-11-29,1610612747,1610612765,133,107,106,105,LAL,DET,False
268,0022300269,2023-11-30,1610612741,1610612749,120,113,111,109,CHI,MIL,True
272,0022300273,2023-11-30,1610612744,1610612746,120,114,93,94,GSW,LAC,True
269,0022300270,2023-11-30,1610612750,1610612762,101,90,96,96,MIN,UTA,True
267,0022300268,2023-11-30,1610612752,1610612765,118,112,99,97,NYK,DET,True
266,0022300267,2023-11-30,1610612748,1610612754,142,132,105,106,MIA,IND,True
265,0022300266,2023-11-30,1610612751,1610612766,128,129,94,92,BKN,CHA,True
264,0022300265,2023-11-30,1610612739,1610612757,95,103,95,93,CLE,POR,True
271,0022300272,2023-11-30,1610612759,1610612737,135,137,108,108,SAS,ATL,True
270,0022300271,2023-11-30,1610612760,1610612747,133,110,103,103,OKC,LAL,True
266,0022300267,2023-11-30,1610612754,1610612748,132,142,106,105,IND,MIA,False
268,0022300269,2023-11-30,1610612749,1610612741,113,120,109,111,MIL,CHI,False
269,0022300270,2023-11-30,1610612762,1610612750,90,101,96,96,UTA,MIN,False
270,0022300271,2023-11-30,1610612747,1610612760,110,133,103,103,LAL,OKC,False
272,0022300273,2023-11-30,1610612746,1610612744,114,120,94,93,LAC,GSW,False
265,0022300266,2023-11-30,1610612766,1610612751,129,128,92,94,CHA,BKN,False
264,0022300265,2023-11-30,1610612757,1610612739,103,95,93,95,POR,CLE,False
271,0022300272,2023-11-30,1610612737,1610612759,137,135,108,108,ATL,SAS,False
267,0022300268,2023-11-30,1610612765,1610612752,112,118,97,99,DET,NYK,False
278,0022300279,2023-12-01,1610612756,1610612743,111,119,97,96,PHX,DEN,True
277,0022300278,2023-12-01,1610612740,1610612759,121,106,98,99,NOP,SAS,True
273,0022300274,2023-12-01,1610612764,1610612753,125,130,104,104,WAS,ORL,False
274,0022300275,2023-12-01,1610612738,1610612755,125,119,101,102,BOS,PHI,True
273,0022300274,2023-12-01,1610612753,1610612764,130,125,104,104,ORL,WAS,True
278,0022300279,2023-12-01,1610612743,1610612756,119,111,96,97,DEN,PHX,False
277,0022300278,2023-12-01,1610612759,1610612740,106,121,99,98,SAS,NOP,False
276,0022300277,2023-12-01,1610612763,1610612742,108,94,92,94,MEM,DAL,False
275,0022300276,2023-12-01,1610612752,1610612761,119,106,97,95,NYK,TOR,False
274,0022300275,2023-12-01,1610612755,1610612738,119,125,102,101,PHI,BOS,False
276,0022300277,2023-12-01,1610612742,1610612763,94,108,94,92,DAL,MEM,True
275,0022300276,2023-12-01,1610612761,1610612752,106,119,95,97,TOR,NYK,True
279,0022300280,2023-12-02,1610612744,1610612746,112,113,99,100,GSW,LAC,False
281,0022300282,2023-12-02,1610612753,1610612751,101,129,98,99,ORL,BKN,False
282,0022300283,2023-12-02,1610612739,1610612765,110,101,99,98,CLE,DET,False
283,0022300284,2023-12-02,1610612754,1610612748,144,129,98,97,IND,MIA,False
290,0022300286,2023-12-02,1610612737,1610612749,121,132,104,103,ATL,MIL,False
289,0022300291,2023-12-02,1610612745,1610612747,97,107,101,101,HOU,LAL,False
287,0022300289,2023-12-02,1610612757,1610612762,113,118,104,105,POR,UTA,False
286,0022300288,2023-12-02,1610612763,1610612756,109,116,103,102,MEM,PHX,False
280,0022300281,2023-12-02,1610612750,1610612766,123,117,95,94,MIN,CHA,False
288,0022300290,2023-12-02,1610612743,1610612758,117,123,104,105,DEN,SAC,False
281,0022300282,2023-12-02,1610612751,1610612753,129,101,99,98,BKN,ORL,True
280,0022300281,2023-12-02,1610612766,1610612750,117,123,94,95,CHA,MIN,True
290,0022300286,2023-12-02,1610612749,1610612737,132,121,103,104,MIL,ATL,True
279,0022300280,2023-12-02,1610612746,1610612744,113,112,100,99,LAC,GSW,True
289,0022300291,2023-12-02,1610612747,1610612745,107,97,101,101,LAL,HOU,True
288,0022300290,2023-12-02,1610612758,1610612743,123,117,105,104,SAC,DEN,True
287,0022300289,2023-12-02,1610612762,1610612757,118,113,105,104,UTA,POR,True
284,0022300285,2023-12-02,1610612740,1610612741,118,124,95,97,NOP,CHI,False
285,0022300287,2023-12-02,1610612742,1610612760,120,126,103,102,DAL,OKC,True
284,0022300285,2023-12-02,1610612741,1610612740,124,118,97,95,CHI,NOP,True
283,0022300284,2023-12-02,1610612748,1610612754,129,144,97,98,MIA,IND,True
282,0022300283,2023-12-02,1610612765,1610612739,101,110,98,99,DET,CLE,True
285,0022300287,2023-12-02,1610612760,1610612742,126,120,102,103,OKC,DAL,False
286,0022300288,2023-12-02,1610612756,1610612763,116,109,102,103,PHX,MEM,True
292,0022301204,2023-12-04,1610612740,1610612758,127,117,98,98,NOP,SAC,False
291,0022301202,2023-12-04,1610612738,1610612754,112,122,101,101,BOS,IND,False
291,0022301202,2023-12-04,1610612754,1610612738,122,112,101,101,IND,BOS,True
292,0022301204,2023-12-04,1610612758,1610612740,117,127,98,98,SAC,NOP,True
293,0022301201,2023-12-05,1610612752,1610612749,122,146,102,101,NYK,MIL,False
293,0022301201,2023-12-05,1610612749,1610612752,146,122,101,102,MIL,NYK,True
294,0022301203,2023-12-05,1610612747,1610612756,106,103,96,97,LAL,PHX,True
294,0022301203,2023-12-05,1610612756,1610612747,103,106,97,96,PHX,LAL,False
305,0022301215,2023-12-06,1610612746,1610612743,111,102,96,96,LAC,DEN,True
296,0022301206,2023-12-06,1610612763,1610612765,116,102,101,100,MEM,DET,False
305,0022301215,2023-12-06,1610612743,1610612746,102,111,96,96,DEN,LAC,False
304,0022301214,2023-12-06,1610612757,1610612744,106,110,98,98,POR,GSW,False
303,0022301213,2023-12-06,1610612762,1610612742,97,147,103,103,UTA,DAL,False
302,0022301212,2023-12-06,1610612760,1610612745,101,110,98,97,OKC,HOU,False
301,0022301211,2023-12-06,1610612766,1610612741,100,111,97,98,CHA,CHI,False
300,0022301210,2023-12-06,1610612759,1610612750,94,102,100,99,SAS,MIN,False
304,0022301214,2023-12-06,1610612744,1610612757,110,106,98,98,GSW,POR,True
295,0022301205,2023-12-06,1610612753,1610612739,111,121,99,101,ORL,CLE,False
302,0022301212,2023-12-06,1610612745,1610612760,110,101,97,98,HOU,OKC,True
303,0022301213,2023-12-06,1610612742,1610612762,147,97,103,103,DAL,UTA,True
300,0022301210,2023-12-06,1610612750,1610612759,102,94,99,100,MIN,SAS,True
299,0022301209,2023-12-06,1610612737,1610612751,113,114,103,102,ATL,BKN,True
298,0022301207,2023-12-06,1610612761,1610612748,103,112,97,97,TOR,MIA,True
297,0022301208,2023-12-06,1610612764,1610612755,126,131,103,104,WAS,PHI,True
296,0022301206,2023-12-06,1610612765,1610612763,102,116,100,101,DET,MEM,True
295,0022301205,2023-12-06,1610612739,1610612753,121,111,101,99,CLE,ORL,True
299,0022301209,2023-12-06,1610612751,1610612737,114,113,102,103,BKN,ATL,False
298,0022301207,2023-12-06,1610612748,1610612761,112,103,97,97,MIA,TOR,False
297,0022301208,2023-12-06,1610612755,1610612764,131,126,104,103,PHI,WAS,False
301,0022301211,2023-12-06,1610612741,1610612766,111,100,98,97,CHI,CHA,True
306,0022301229,2023-12-07,1610612749,1610612754,119,128,105,105,MIL,IND,True
307,0022301230,2023-12-07,1610612747,1610612740,133,89,103,102,LAL,NOP,True
306,0022301229,2023-12-07,1610612754,1610612749,128,119,105,105,IND,MIL,False
307,0022301230,2023-12-07,1610612740,1610612747,89,133,102,103,NOP,LAL,False
318,0022301228,2023-12-08,1610612756,1610612758,106,114,96,97,PHX,SAC,True
309,0022301217,2023-12-08,1610612753,1610612765,123,91,99,99,ORL,DET,True
313,0022301220,2023-12-08,1610612739,1610612748,111,99,99,99,CLE,MIA,False
314,0022301221,2023-12-08,1610612750,1610612763,127,103,94,94,MIN,MEM,False
315,0022301222,2023-12-08,1610612744,1610612760,136,138,114,113,GSW,OKC,False
316,0022301223,2023-12-08,1610612741,1610612759,121,112,94,93,CHI,SAS,False
317,0022301224,2023-12-08,1610612745,1610612743,114,106,95,95,HOU,DEN,False
318,0022301228,2023-12-08,1610612758,1610612756,114,106,97,96,SAC,PHX,False
319,0022301225,2023-12-08,1610612746,1610612762,117,103,97,97,LAC,UTA,False
320,0022301226,2023-12-08,1610612742,1610612757,125,112,103,102,DAL,POR,False
308,0022301216,2023-12-08,1610612766,1610612761,119,116,97,99,CHA,TOR,True
310,0022301218,2023-12-08,1610612737,1610612755,114,125,100,99,ATL,PHI,False
312,0022301227,2023-12-08,1610612752,1610612738,123,133,97,98,NYK,BOS,False
309,0022301217,2023-12-08,1610612765,1610612753,91,123,99,99,DET,ORL,False
320,0022301226,2023-12-08,1610612757,1610612742,112,125,102,103,POR,DAL,True
319,0022301225,2023-12-08,1610612762,1610612746,103,117,97,97,UTA,LAC,True
317,0022301224,2023-12-08,1610612743,1610612745,106,114,95,95,DEN,HOU,True
316,0022301223,2023-12-08,1610612759,1610612741,112,121,93,94,SAS,CHI,True
315,0022301222,2023-12-08,1610612760,1610612744,138,136,113,114,OKC,GSW,True
314,0022301221,2023-12-08,1610612763,1610612750,103,127,94,94,MEM,MIN,True
313,0022301220,2023-12-08,1610612748,1610612739,99,111,99,99,MIA,CLE,True
312,0022301227,2023-12-08,1610612738,1610612752,133,123,98,97,BOS,NYK,True
311,0022301219,2023-12-08,1610612751,1610612764,124,97,100,101,BKN,WAS,True
310,0022301218,2023-12-08,1610612755,1610612737,125,114,99,100,PHI,ATL,True
308,0022301216,2023-12-08,1610612761,1610612766,116,119,99,97,TOR,CHA,False
311,0022301219,2023-12-08,1610612764,1610612751,97,124,101,100,WAS,BKN,False
321,0022300292,2023-12-11,1610612748,1610612766,116,114,93,94,MIA,CHA,False
324,0022300295,2023-12-11,1610612764,1610612755,101,146,109,109,WAS,PHI,False
325,0022300296,2023-12-11,1610612743,1610612737,129,122,98,99,DEN,ATL,False
322,0022300293,2023-12-11,1610612754,1610612765,131,123,104,104,IND,DET,False
323,0022300294,2023-12-11,1610612739,1610612753,94,104,92,91,CLE,ORL,False
327,0022300298,2023-12-11,1610612759,1610612745,82,93,101,101,SAS,HOU,False
329,0022300300,2023-12-11,1610612741,1610612749,129,133,108,106,CHI,MIL,False
328,0022300299,2023-12-11,1610612742,1610612763,120,113,100,99,DAL,MEM,False
333,0022300304,2023-12-11,1610612746,1610612757,132,127,95,96,LAC,POR,True
332,0022300303,2023-12-11,1610612758,1610612751,131,118,99,100,SAC,BKN,True
326,0022300297,2023-12-11,1610612761,1610612752,130,136,99,98,TOR,NYK,False
331,0022300302,2023-12-11,1610612760,1610612762,134,120,105,104,OKC,UTA,True
330,0022300301,2023-12-11,1610612740,1610612750,121,107,100,101,NOP,MIN,True
329,0022300300,2023-12-11,1610612749,1610612741,133,129,106,108,MIL,CHI,True
328,0022300299,2023-12-11,1610612763,1610612742,113,120,99,100,MEM,DAL,True
327,0022300298,2023-12-11,1610612745,1610612759,93,82,101,101,HOU,SAS,True
326,0022300297,2023-12-11,1610612752,1610612761,136,130,98,99,NYK,TOR,True
324,0022300295,2023-12-11,1610612755,1610612764,146,101,109,109,PHI,WAS,True
323,0022300294,2023-12-11,1610612753,1610612739,104,94,91,92,ORL,CLE,True
322,0022300293,2023-12-11,1610612765,1610612754,123,131,104,104,DET,IND,True
321,0022300292,2023-12-11,1610612766,1610612748,114,116,94,93,CHA,MIA,True
325,0022300296,2023-12-11,1610612737,1610612743,122,129,99,98,ATL,DEN,True
332,0022300303,2023-12-11,1610612751,1610612758,118,131,100,99,BKN,SAC,False
333,0022300304,2023-12-11,1610612757,1610612746,127,132,96,95,POR,LAC,False
331,0022300302,2023-12-11,1610612762,1610612760,120,134,104,105,UTA,OKC,False
330,0022300301,2023-12-11,1610612750,1610612740,107,121,101,100,MIN,NOP,False
338,0022300308,2023-12-12,1610612744,1610612756,116,119,101,102,GSW,PHX,False
337,0022300309,2023-12-12,1610612758,1610612746,99,119,102,101,SAC,LAC,False
336,0022300307,2023-12-12,1610612743,1610612741,114,106,92,94,DEN,CHI,False
335,0022300306,2023-12-12,1610612747,1610612742,125,127,96,95,LAL,DAL,False
334,0022300305,2023-12-12,1610612739,1610612738,113,120,97,96,CLE,BOS,False
335,0022300306,2023-12-12,1610612742,1610612747,127,125,95,96,DAL,LAL,True
334,0022300305,2023-12-12,1610612738,1610612739,120,113,96,97,BOS,CLE,True
337,0022300309,2023-12-12,1610612746,1610612758,119,99,101,102,LAC,SAC,True
338,0022300308,2023-12-12,1610612756,1610612744,119,116,102,101,PHX,GSW,True
336,0022300307,2023-12-12,1610612741,1610612743,106,114,94,92,CHI,DEN,True
341,0022300312,2023-12-13,1610612766,1610612748,104,115,98,98,CHA,MIA,False
339,0022300310,2023-12-13,1610612765,1610612755,111,129,102,102,DET,PHI,True
344,0022300315,2023-12-13,1610612754,1610612749,126,140,108,109,IND,MIL,False
340,0022300311,2023-12-13,1610612764,1610612740,122,142,104,105,WAS,NOP,True
347,0022300318,2023-12-13,1610612762,1610612752,117,113,102,101,UTA,NYK,True
346,0022300317,2023-12-13,1610612756,1610612751,112,116,93,93,PHX,BKN,True
345,0022300316,2023-12-13,1610612759,1610612747,119,122,108,109,SAS,LAL,True
344,0022300315,2023-12-13,1610612749,1610612754,140,126,109,108,MIL,IND,True
343,0022300314,2023-12-13,1610612745,1610612763,117,104,102,102,HOU,MEM,True
339,0022300310,2023-12-13,1610612755,1610612765,129,111,102,102,PHI,DET,False
342,0022300313,2023-12-13,1610612761,1610612737,135,128,101,101,TOR,ATL,True
340,0022300311,2023-12-13,1610612740,1610612764,142,122,105,104,NOP,WAS,False
342,0022300313,2023-12-13,1610612737,1610612761,128,135,101,101,ATL,TOR,False
345,0022300316,2023-12-13,1610612747,1610612759,122,119,109,108,LAL,SAS,False
341,0022300312,2023-12-13,1610612748,1610612766,115,104,98,98,MIA,CHA,True
346,0022300317,2023-12-13,1610612751,1610612756,116,112,93,93,BKN,PHX,False
347,0022300318,2023-12-13,1610612752,1610612762,113,117,101,102,NYK,UTA,False
343,0022300314,2023-12-13,1610612763,1610612745,104,117,102,102,MEM,HOU,False
352,0022300324,2023-12-14,1610612760,1610612758,123,128,106,107,OKC,SAC,False
351,0022300323,2023-12-14,1610612762,1610612757,122,114,95,94,UTA,POR,False
354,0022300322,2023-12-14,1610612751,1610612743,101,124,102,101,BKN,DEN,False
353,0022300325,2023-12-14,1610612746,1610612744,121,113,95,96,LAC,GSW,True
352,0022300324,2023-12-14,1610612758,1610612760,128,123,107,106,SAC,OKC,True
354,0022300322,2023-12-14,1610612743,1610612751,124,101,101,102,DEN,BKN,True
350,0022300321,2023-12-14,1610612742,1610612750,101,119,99,100,DAL,MIN,True
349,0022300320,2023-12-14,1610612748,1610612741,116,124,98,97,MIA,CHI,True
348,0022300319,2023-12-14,1610612738,1610612739,116,107,95,95,BOS,CLE,True
350,0022300321,2023-12-14,1610612750,1610612742,119,101,100,99,MIN,DAL,False
349,0022300320,2023-12-14,1610612741,1610612748,124,116,97,98,CHI,MIA,False
348,0022300319,2023-12-14,1610612739,1610612738,107,116,95,95,CLE,BOS,False
351,0022300323,2023-12-14,1610612757,1610612762,114,122,94,95,POR,UTA,True
353,0022300325,2023-12-14,1610612744,1610612746,113,121,96,95,GSW,LAC,False
362,0022300333,2023-12-15,1610612756,1610612752,122,139,96,97,PHX,NYK,True
361,0022300332,2023-12-15,1610612763,1610612745,96,103,96,96,MEM,HOU,True
360,0022300331,2023-12-15,1610612759,1610612747,129,115,99,100,SAS,LAL,True
359,0022300330,2023-12-15,1610612761,1610612737,104,125,99,100,TOR,ATL,True
358,0022300329,2023-12-15,1610612738,1610612753,128,111,98,97,BOS,ORL,True
357,0022300328,2023-12-15,1610612764,1610612754,137,123,111,112,WAS,IND,True
356,0022300327,2023-12-15,1610612755,1610612765,124,92,103,102,PHI,DET,True
358,0022300329,2023-12-15,1610612753,1610612738,111,128,97,98,ORL,BOS,False
356,0022300327,2023-12-15,1610612765,1610612755,92,124,102,103,DET,PHI,False
357,0022300328,2023-12-15,1610612754,1610612764,123,137,112,111,IND,WAS,False
359,0022300330,2023-12-15,1610612737,1610612761,125,104,100,99,ATL,TOR,False
360,0022300331,2023-12-15,1610612747,1610612759,115,129,100,99,LAL,SAS,False
361,0022300332,2023-12-15,1610612745,1610612763,103,96,96,96,HOU,MEM,False
362,0022300333,2023-12-15,1610612752,1610612756,139,122,97,96,NYK,PHX,False
355,0022300326,2023-12-15,1610612766,1610612740,107,112,98,98,CHA,NOP,True
355,0022300326,2023-12-15,1610612740,1610612766,112,107,98,98,NOP,CHA,False
365,0022300336,2023-12-16,1610612739,1610612737,127,119,96,96,CLE,ATL,True
363,0022300334,2023-12-16,1610612749,1610612765,146,114,104,102,MIL,DET,True
364,0022300335,2023-12-16,1610612766,1610612755,82,135,99,98,CHA,PHI,True
366,0022300337,2023-12-16,1610612748,1610612741,118,116,91,91,MIA,CHI,True
372,0022300342,2023-12-16,1610612762,1610612758,104,125,97,98,UTA,SAC,False
368,0022300339,2023-12-16,1610612744,1610612751,124,120,99,98,GSW,BKN,True
370,0022300341,2023-12-16,1610612742,1610612757,131,120,103,103,DAL,POR,False
369,0022300340,2023-12-16,1610612760,1610612743,118,117,96,97,OKC,DEN,False
368,0022300339,2023-12-16,1610612751,1610612744,120,124,98,99,BKN,GSW,False
367,0022300338,2023-12-16,1610612754,1610612750,109,127,97,99,IND,MIN,False
366,0022300337,2023-12-16,1610612741,1610612748,116,118,91,91,CHI,MIA,False
367,0022300338,2023-12-16,1610612750,1610612754,127,109,99,97,MIN,IND,True
364,0022300335,2023-12-16,1610612755,1610612766,135,82,98,99,PHI,CHA,False
363,0022300334,2023-12-16,1610612765,1610612749,114,146,102,104,DET,MIL,False
365,0022300336,2023-12-16,1610612737,1610612739,119,127,96,96,ATL,CLE,False
371,0022300343,2023-12-16,1610612752,1610612746,122,144,101,100,NYK,LAC,False
372,0022300342,2023-12-16,1610612758,1610612762,125,104,98,97,SAC,UTA,True
371,0022300343,2023-12-16,1610612746,1610612752,144,122,100,101,LAC,NYK,True
370,0022300341,2023-12-16,1610612757,1610612742,120,131,103,103,POR,DAL,True
369,0022300340,2023-12-16,1610612743,1610612760,117,118,97,96,DEN,OKC,True
376,0022300347,2023-12-17,1610612756,1610612764,112,108,103,103,PHX,WAS,True
375,0022300346,2023-12-17,1610612749,1610612745,128,119,99,98,MIL,HOU,True
374,0022300345,2023-12-17,1610612759,1610612740,110,146,107,107,SAS,NOP,True
377,0022300348,2023-12-17,1610612744,1610612757,118,114,95,95,GSW,POR,False
376,0022300347,2023-12-17,1610612764,1610612756,108,112,103,103,WAS,PHX,False
375,0022300346,2023-12-17,1610612745,1610612749,119,128,98,99,HOU,MIL,False
374,0022300345,2023-12-17,1610612740,1610612759,146,110,107,107,NOP,SAS,False
373,0022300344,2023-12-17,1610612753,1610612738,97,114,98,99,ORL,BOS,False
377,0022300348,2023-12-17,1610612757,1610612744,114,118,95,95,POR,GSW,True
373,0022300344,2023-12-17,1610612738,1610612753,114,97,99,98,BOS,ORL,True
384,0022300355,2023-12-18,1610612760,1610612763,116,97,106,105,OKC,MEM,True
379,0022300350,2023-12-18,1610612754,1610612746,127,151,103,102,IND,LAC,True
388,0022300359,2023-12-18,1610612752,1610612747,114,109,100,101,NYK,LAL,False
378,0022300349,2023-12-18,1610612745,1610612739,130,135,103,103,HOU,CLE,False
379,0022300350,2023-12-18,1610612746,1610612754,151,127,102,103,LAC,IND,False
380,0022300351,2023-12-18,1610612741,1610612755,108,104,93,94,CHI,PHI,False
381,0022300352,2023-12-18,1610612765,1610612737,124,130,103,102,DET,ATL,False
382,0022300353,2023-12-18,1610612750,1610612748,112,108,96,96,MIN,MIA,False
383,0022300354,2023-12-18,1610612766,1610612761,99,114,96,96,CHA,TOR,False
384,0022300355,2023-12-18,1610612763,1610612760,97,116,105,106,MEM,OKC,False
378,0022300349,2023-12-18,1610612739,1610612745,135,130,103,103,CLE,HOU,True
385,0022300356,2023-12-18,1610612742,1610612743,104,130,96,96,DAL,DEN,False
387,0022300358,2023-12-18,1610612764,1610612758,131,143,104,104,WAS,SAC,False
387,0022300358,2023-12-18,1610612758,1610612764,143,131,104,104,SAC,WAS,True
386,0022300357,2023-12-18,1610612762,1610612751,125,108,100,98,UTA,BKN,True
385,0022300356,2023-12-18,1610612743,1610612742,130,104,96,96,DEN,DAL,True
383,0022300354,2023-12-18,1610612761,1610612766,114,99,96,96,TOR,CHA,True
382,0022300353,2023-12-18,1610612748,1610612750,108,112,96,96,MIA,MIN,True
381,0022300352,2023-12-18,1610612737,1610612765,130,124,102,103,ATL,DET,True
380,0022300351,2023-12-18,1610612755,1610612741,104,108,94,93,PHI,CHI,True
386,0022300357,2023-12-18,1610612751,1610612762,108,125,98,100,BKN,UTA,False
388,0022300359,2023-12-18,1610612747,1610612752,109,114,101,100,LAL,NYK,True
389,0022300360,2023-12-19,1610612763,1610612740,115,113,96,96,MEM,NOP,False
391,0022300362,2023-12-19,1610612738,1610612744,126,132,107,106,BOS,GSW,False
390,0022300361,2023-12-19,1610612759,1610612749,119,132,110,109,SAS,MIL,False
392,0022300363,2023-12-19,1610612757,1610612756,109,104,100,101,POR,PHX,True
391,0022300362,2023-12-19,1610612744,1610612738,132,126,106,107,GSW,BOS,True
389,0022300360,2023-12-19,1610612740,1610612763,113,115,96,96,NOP,MEM,True
390,0022300361,2023-12-19,1610612749,1610612759,132,119,109,110,MIL,SAS,True
392,0022300363,2023-12-19,1610612756,1610612757,104,109,101,100,PHX,POR,False
395,0022300366,2023-12-20,1610612753,1610612748,106,115,95,94,ORL,MIA,True
396,0022300367,2023-12-20,1610612755,1610612750,127,113,101,99,PHI,MIN,True
397,0022300368,2023-12-20,1610612751,1610612752,102,121,99,99,BKN,NYK,True
398,0022300369,2023-12-20,1610612761,1610612743,104,113,94,95,TOR,DEN,True
399,0022300370,2023-12-20,1610612741,1610612747,124,108,102,103,CHI,LAL,True
400,0022300371,2023-12-20,1610612745,1610612737,127,134,98,98,HOU,ATL,True
401,0022300372,2023-12-20,1610612742,1610612746,111,120,94,93,DAL,LAC,True
402,0022300373,2023-12-20,1610612758,1610612738,119,144,93,95,SAC,BOS,True
396,0022300367,2023-12-20,1610612750,1610612755,113,127,99,101,MIN,PHI,False
393,0022300364,2023-12-20,1610612762,1610612739,116,124,98,98,UTA,CLE,False
394,0022300365,2023-12-20,1610612766,1610612754,113,144,97,97,CHA,IND,False
394,0022300365,2023-12-20,1610612754,1610612766,144,113,97,97,IND,CHA,True
395,0022300366,2023-12-20,1610612748,1610612753,115,106,94,95,MIA,ORL,False
397,0022300368,2023-12-20,1610612752,1610612751,121,102,99,99,NYK,BKN,False
393,0022300364,2023-12-20,1610612739,1610612762,124,116,98,98,CLE,UTA,True
398,0022300369,2023-12-20,1610612743,1610612761,113,104,95,94,DEN,TOR,False
399,0022300370,2023-12-20,1610612747,1610612741,108,124,103,102,LAL,CHI,False
400,0022300371,2023-12-20,1610612737,1610612745,134,127,98,98,ATL,HOU,False
401,0022300372,2023-12-20,1610612746,1610612742,120,111,93,94,LAC,DAL,False
402,0022300373,2023-12-20,1610612738,1610612758,144,119,95,93,BOS,SAC,False
403,0022300374,2023-12-21,1610612762,1610612765,119,111,101,101,UTA,DET,False
404,0022300375,2023-12-21,1610612740,1610612739,123,104,93,92,NOP,CLE,False
405,0022300376,2023-12-21,1610612759,1610612741,95,114,98,98,SAS,CHI,False
403,0022300374,2023-12-21,1610612765,1610612762,111,119,101,101,DET,UTA,True
404,0022300375,2023-12-21,1610612739,1610612740,104,123,92,93,CLE,NOP,True
405,0022300376,2023-12-21,1610612741,1610612759,114,95,98,98,CHI,SAS,True
406,0022300377,2023-12-21,1610612763,1610612754,116,103,98,96,MEM,IND,True
407,0022300378,2023-12-21,1610612749,1610612753,118,114,103,102,MIL,ORL,True
408,0022300379,2023-12-21,1610612760,1610612746,134,115,100,100,OKC,LAC,True
409,0022300380,2023-12-21,1610612750,1610612747,118,111,101,101,MIN,LAL,True
410,0022300381,2023-12-21,1610612757,1610612764,117,118,99,99,POR,WAS,True
408,0022300379,2023-12-21,1610612746,1610612760,115,134,100,100,LAC,OKC,False
410,0022300381,2023-12-21,1610612764,1610612757,118,117,99,99,WAS,POR,False
406,0022300377,2023-12-21,1610612754,1610612763,103,116,96,98,IND,MEM,False
407,0022300378,2023-12-21,1610612753,1610612749,114,118,102,103,ORL,MIL,False
409,0022300380,2023-12-21,1610612747,1610612750,111,118,101,101,LAL,MIN,False
413,0022300384,2023-12-22,1610612737,1610612748,113,122,100,99,ATL,MIA,False
414,0022300385,2023-12-22,1610612742,1610612745,96,122,108,107,DAL,HOU,False
415,0022300386,2023-12-22,1610612764,1610612744,118,129,102,102,WAS,GSW,False
416,0022300387,2023-12-22,1610612756,1610612758,105,120,96,97,PHX,SAC,False
411,0022300382,2023-12-22,1610612755,1610612761,121,111,99,98,PHI,TOR,True
416,0022300387,2023-12-22,1610612758,1610612756,120,105,97,96,SAC,PHX,True
415,0022300386,2023-12-22,1610612744,1610612764,129,118,102,102,GSW,WAS,True
414,0022300385,2023-12-22,1610612745,1610612742,122,96,107,108,HOU,DAL,True
413,0022300384,2023-12-22,1610612748,1610612737,122,113,99,100,MIA,ATL,True
412,0022300383,2023-12-22,1610612751,1610612743,117,122,92,93,BKN,DEN,True
411,0022300382,2023-12-22,1610612761,1610612755,111,121,98,99,TOR,PHI,False
412,0022300383,2023-12-22,1610612743,1610612751,122,117,93,92,DEN,BKN,False
422,0022300393,2023-12-23,1610612763,1610612737,125,119,99,99,MEM,ATL,False
419,0022300390,2023-12-23,1610612743,1610612766,102,95,98,96,DEN,CHA,False
418,0022300389,2023-12-23,1610612738,1610612746,145,108,97,97,BOS,LAC,False
417,0022300388,2023-12-23,1610612749,1610612752,130,111,103,102,MIL,NYK,False
421,0022300392,2023-12-23,1610612745,1610612740,106,104,94,94,HOU,NOP,False
420,0022300391,2023-12-23,1610612753,1610612754,117,110,94,94,ORL,IND,False
424,0022300395,2023-12-23,1610612762,1610612761,126,119,97,98,UTA,TOR,False
426,0022300397,2023-12-23,1610612747,1610612760,129,120,98,98,LAL,OKC,False
425,0022300396,2023-12-23,1610612739,1610612741,109,95,92,92,CLE,CHI,False
427,0022300398,2023-12-23,1610612742,1610612759,144,119,108,110,DAL,SAS,True
426,0022300397,2023-12-23,1610612760,1610612747,120,129,98,98,OKC,LAL,True
425,0022300396,2023-12-23,1610612741,1610612739,95,109,92,92,CHI,CLE,True
424,0022300395,2023-12-23,1610612761,1610612762,119,126,98,97,TOR,UTA,True
423,0022300394,2023-12-23,1610612765,1610612751,115,126,98,99,DET,BKN,False
423,0022300394,2023-12-23,1610612751,1610612765,126,115,99,98,BKN,DET,True
428,0022300399,2023-12-23,1610612744,1610612757,126,106,98,98,GSW,POR,True
422,0022300393,2023-12-23,1610612737,1610612763,119,125,99,99,ATL,MEM,True
420,0022300391,2023-12-23,1610612754,1610612753,110,117,94,94,IND,ORL,True
419,0022300390,2023-12-23,1610612766,1610612743,95,102,96,98,CHA,DEN,True
418,0022300389,2023-12-23,1610612746,1610612738,108,145,97,97,LAC,BOS,True
417,0022300388,2023-12-23,1610612752,1610612749,111,130,102,103,NYK,MIL,True
429,0022300400,2023-12-23,1610612750,1610612758,110,98,97,96,MIN,SAC,False
428,0022300399,2023-12-23,1610612757,1610612744,106,126,98,98,POR,GSW,False
427,0022300398,2023-12-23,1610612759,1610612742,119,144,110,108,SAS,DAL,False
421,0022300392,2023-12-23,1610612740,1610612745,104,106,94,94,NOP,HOU,True
429,0022300400,2023-12-23,1610612758,1610612750,98,110,96,97,SAC,MIN,True
432,0022300403,2023-12-25,1610612747,1610612738,115,126,98,97,LAL,BOS,True
431,0022300402,2023-12-25,1610612743,1610612744,120,114,99,100,DEN,GSW,True
433,0022300404,2023-12-25,1610612748,1610612755,119,113,101,100,MIA,PHI,True
434,0022300405,2023-12-25,1610612756,1610612742,114,128,102,101,PHX,DAL,True
434,0022300405,2023-12-25,1610612742,1610612756,128,114,101,102,DAL,PHX,False
433,0022300404,2023-12-25,1610612755,1610612748,113,119,100,101,PHI,MIA,False
432,0022300403,2023-12-25,1610612738,1610612747,126,115,97,98,BOS,LAL,False
431,0022300402,2023-12-25,1610612744,1610612743,114,120,100,99,GSW,DEN,False
430,0022300401,2023-12-25,1610612749,1610612752,122,129,100,100,MIL,NYK,False
430,0022300401,2023-12-25,1610612752,1610612749,129,122,100,100,NYK,MIL,True
439,0022300412,2023-12-26,1610612762,1610612759,130,118,102,102,UTA,SAS,False
438,0022300409,2023-12-26,1610612754,1610612745,123,117,102,100,IND,HOU,False
436,0022300407,2023-12-26,1610612753,1610612764,127,119,105,105,ORL,WAS,False
435,0022300406,2023-12-26,1610612751,1610612765,118,112,101,100,BKN,DET,False
437,0022300408,2023-12-26,1610612737,1610612741,113,118,98,96,ATL,CHI,False
441,0022300414,2023-12-26,1610612766,1610612746,104,113,98,98,CHA,LAC,False
443,0022300411,2023-12-26,1610612750,1610612760,106,129,100,98,MIN,OKC,False
440,0022300413,2023-12-26,1610612758,1610612757,113,130,96,96,SAC,POR,False
443,0022300411,2023-12-26,1610612760,1610612750,129,106,98,100,OKC,MIN,True
442,0022300410,2023-12-26,1610612740,1610612763,115,116,112,111,NOP,MEM,True
441,0022300414,2023-12-26,1610612746,1610612766,113,104,98,98,LAC,CHA,True
440,0022300413,2023-12-26,1610612757,1610612758,130,113,96,96,POR,SAC,True
439,0022300412,2023-12-26,1610612759,1610612762,118,130,102,102,SAS,UTA,True
438,0022300409,2023-12-26,1610612745,1610612754,117,123,100,102,HOU,IND,True
437,0022300408,2023-12-26,1610612741,1610612737,118,113,96,98,CHI,ATL,True
436,0022300407,2023-12-26,1610612764,1610612753,119,127,105,105,WAS,ORL,True
435,0022300406,2023-12-26,1610612765,1610612751,112,118,100,101,DET,BKN,True
442,0022300410,2023-12-26,1610612763,1610612740,116,115,111,112,MEM,NOP,False
444,0022300415,2023-12-27,1610612755,1610612753,112,92,95,95,PHI,ORL,False
445,0022300416,2023-12-27,1610612761,1610612764,132,102,101,102,TOR,WAS,False
447,0022300418,2023-12-27,1610612756,1610612745,129,113,101,99,PHX,HOU,False
446,0022300417,2023-12-27,1610612749,1610612751,144,122,101,100,MIL,BKN,False
449,0022300420,2023-12-27,1610612742,1610612739,110,113,99,99,DAL,CLE,True
448,0022300419,2023-12-27,1610612760,1610612752,129,120,100,99,OKC,NYK,True
447,0022300418,2023-12-27,1610612745,1610612756,113,129,99,101,HOU,PHX,True
446,0022300417,2023-12-27,1610612751,1610612749,122,144,100,101,BKN,MIL,True
445,0022300416,2023-12-27,1610612764,1610612761,102,132,102,101,WAS,TOR,True
444,0022300415,2023-12-27,1610612753,1610612755,92,112,95,95,ORL,PHI,True
448,0022300419,2023-12-27,1610612752,1610612760,120,129,99,100,NYK,OKC,False
449,0022300420,2023-12-27,1610612739,1610612742,113,110,99,99,CLE,DAL,False
